[
{
  "model": "exam.taskcategory",
  "pk": 1,
  "fields": {
    "title": "Кинематика"
  }
},
{
  "model": "exam.taskcategory",
  "pk": 2,
  "fields": {
    "title": "Динамика"
  }
},
{
  "model": "exam.taskcategory",
  "pk": 3,
  "fields": {
    "title": "Законы сохранения в механике"
  }
},
{
  "model": "exam.taskcategory",
  "pk": 4,
  "fields": {
    "title": "Статика. Механические колебания и волны"
  }
},
{
  "model": "exam.taskcategory",
  "pk": 5,
  "fields": {
    "title": "Механика"
  }
},
{
  "model": "exam.taskcategory",
  "pk": 6,
  "fields": {
    "title": "Молекулярная физика"
  }
},
{
  "model": "exam.taskcategory",
  "pk": 7,
  "fields": {
    "title": "МКТ и молекулярная физика"
  }
},
{
  "model": "exam.taskcategory",
  "pk": 8,
  "fields": {
    "title": "Молекулярная физика и термодинамика"
  }
},
{
  "model": "exam.taskcategory",
  "pk": 9,
  "fields": {
    "title": "Электрическое поле. Законы постоянного тока"
  }
},
{
  "model": "exam.taskcategory",
  "pk": 10,
  "fields": {
    "title": "Магнитное поле. Электромагнитная индукция"
  }
},
{
  "model": "exam.taskcategory",
  "pk": 11,
  "fields": {
    "title": "Электромагнитные колебания и волны. Оптика"
  }
},
{
  "model": "exam.taskcategory",
  "pk": 12,
  "fields": {
    "title": "Электродинамика"
  }
},
{
  "model": "exam.taskcategory",
  "pk": 13,
  "fields": {
    "title": "Ядерная физика"
  }
},
{
  "model": "exam.taskcategory",
  "pk": 14,
  "fields": {
    "title": "Квантовая физика"
  }
},
{
  "model": "exam.taskcategory",
  "pk": 15,
  "fields": {
    "title": "Физический смысл величин, законов и закономерностей"
  }
},
{
  "model": "exam.task",
  "pk": 1,
  "fields": {
    "type": 1,
    "description": "По графику зависимости модуля скорости тела от времени, представленного на рисунке, определите путь, пройденный телом от момента времени 0 с до момента времени 2 с. (Ответ дайте в метрах.)",
    "image": "tasks/2_1_k0Mf5DD.png",
    "correct_answer": "3",
    "category": 1
  }
},
{
  "model": "exam.task",
  "pk": 2,
  "fields": {
    "type": 1,
    "description": "На рисунке представлен график зависимости модуля скорости автомобиля от времени. Определите по графику путь, пройденный автомобилем в интервале от момента времени 0 с до момента времени 5 с после начала отсчета времени. (Ответ дайте в метрах.)",
    "image": "tasks/2_1_kahezkA.png",
    "correct_answer": "17",
    "category": 1
  }
},
{
  "model": "exam.task",
  "pk": 3,
  "fields": {
    "type": 1,
    "description": "На рисунке представлен график зависимости модуля скорости тела от времени. Какой путь пройден телом за вторую секунду? (Ответ дайте в метрах.)",
    "image": "tasks/2_1_N5JGbTS.png",
    "correct_answer": "2",
    "category": 1
  }
},
{
  "model": "exam.task",
  "pk": 4,
  "fields": {
    "type": 2,
    "description": "Тело состоит из двух частей, масса которых одинакова. Плотность первой части 3 г/см3, плотность второй части 6 г/см3. Чему равна средняя плотность этого тела? Ответ дайте в г/см3.",
    "image": "",
    "correct_answer": "4",
    "category": 2
  }
},
{
  "model": "exam.task",
  "pk": 5,
  "fields": {
    "type": 2,
    "description": "Под действием одной силы F1 тело движется с ускорением 4 м/с2. Под действием другой силы F2, направленной противоположно силе F1, ускорение тела равно 3 м/с2. С каким ускорением тело будет двигаться при одновременном действии сил F1 и F2? Ответ дайте в метрах на секунду в квадрате.",
    "image": "",
    "correct_answer": "1",
    "category": 2
  }
},
{
  "model": "exam.task",
  "pk": 6,
  "fields": {
    "type": 2,
    "description": "Тело подвешено на двух нитях и находится в равновесии. Угол между нитями равен 90°, а силы натяжения нитей равны 3 H и 4 H. Чему равна сила тяжести, действующая на тело? (Ответ дайте в ньютонах.)",
    "image": "",
    "correct_answer": "5",
    "category": 2
  }
},
{
  "model": "exam.task",
  "pk": 7,
  "fields": {
    "type": 3,
    "description": "Поезд движется со скоростью  а теплоход со скоростью  Масса поезда  Отношение модуля импульса поезда к модулю импульса теплохода равно 5. Чему равна масса теплохода? (Ответ дайте в тоннах.)",
    "image": "",
    "correct_answer": "50",
    "category": 3
  }
},
{
  "model": "exam.task",
  "pk": 8,
  "fields": {
    "type": 3,
    "description": "Самолет летит со скоростью  а вертолет со скоростью  Масса самолета  Отношение импульса самолета к импульсу вертолета равно 1,5. Чему равна масса вертолёта? (Ответ дайте в килограммах.)",
    "image": "",
    "correct_answer": "4000",
    "category": 3
  }
},
{
  "model": "exam.task",
  "pk": 9,
  "fields": {
    "type": 3,
    "description": "Камень массой 1 кг брошен вертикально вверх с начальной скоростью 4 м/с. На сколько увеличится потенциальная энергия камня от начала движения к тому времени, когда скорость камня уменьшится до 2 м/с? (Ответ дайте в джоулях.)",
    "image": "",
    "correct_answer": "6",
    "category": 3
  }
},
{
  "model": "exam.task",
  "pk": 10,
  "fields": {
    "type": 1,
    "description": "Пловец плывет по течению реки. Определите скорость пловца относительно берега, если скорость пловца относительно воды 0,4 м/с, а скорость течения реки 0,3 м/с. (Ответ дайте в метрах в секунду.)",
    "image": "",
    "correct_answer": "0.7",
    "category": 1
  }
},
{
  "model": "exam.task",
  "pk": 11,
  "fields": {
    "type": 1,
    "description": "На рисунке представлены графики зависимости пройденного пути от времени для двух тел. На какую величину Δυ скорость второго тела υ2 больше скорости первого тела υ1? (Ответ дайте в метрах в секунду.)",
    "image": "tasks/3783.png",
    "correct_answer": "10",
    "category": 1
  }
},
{
  "model": "exam.task",
  "pk": 12,
  "fields": {
    "type": 1,
    "description": "Зависимость координаты x тела от времени t имеет вид: x=1+4t-2t²\r\nЧему равна проекция скорости тела на ось Ox в момент времени t  =  1 с при таком движении? (Ответ дайте в метрах в секунду.)",
    "image": "",
    "correct_answer": "0",
    "category": 1
  }
},
{
  "model": "exam.task",
  "pk": 13,
  "fields": {
    "type": 2,
    "description": "После аккуратного подвешивания к грузу m другого груза массой 3 кг пружина удлинилась так, как показано на рисунке, и система пришла в равновесие. Пренебрегая трением, определите, чему равен коэффициент жесткости пружины. (Ответ дайте в ньютонах на метр.) Нить считайте невесомой. Ускорение свободного падения принять равным 10 м/⁠с^2.",
    "image": "tasks/3783_rq43RhS.png",
    "correct_answer": "3000",
    "category": 2
  }
},
{
  "model": "exam.task",
  "pk": 14,
  "fields": {
    "type": 2,
    "description": "К пружине школьного динамометра подвешен груз массой 0,1 кг. При этом пружина удлинилась на 2,5 см. Определите удлинение пружины при добавлении еще двух грузов по 0,1 кг. Ответ выразите в сантиметрах.",
    "image": "",
    "correct_answer": "7.5",
    "category": 2
  }
},
{
  "model": "exam.task",
  "pk": 15,
  "fields": {
    "type": 2,
    "description": "На легкой пружине подвешен груз массой 2 кг. В состоянии покоя он растягивает пружину на 4 см. Какой груз следует дополнительно подвесить к этой пружине, чтобы ее удлинение увеличилось на 5 см? Ответ запишите в килограммах.",
    "image": "",
    "correct_answer": "2.5",
    "category": 2
  }
},
{
  "model": "exam.task",
  "pk": 16,
  "fields": {
    "type": 3,
    "description": "Тело движется по прямой в одном направлении. Под действием постоянной силы за 3 с импульс тела изменился на  Каков модуль силы? (Ответ дайте в ньютонах.)",
    "image": "",
    "correct_answer": "2",
    "category": 3
  }
},
{
  "model": "exam.task",
  "pk": 17,
  "fields": {
    "type": 3,
    "description": "На сани, стоящие на гладком льду, с некоторой высоты прыгает человек массой 50 кг. Проекция скорости человека на горизонтальную плоскость в момент соприкосновения с санями равна 4 м/⁠с. Скорость саней с человеком после прыжка составила 0,8 м/⁠с. Чему равна масса саней? (Ответ дайте в килограммах.)",
    "image": "",
    "correct_answer": "200",
    "category": 3
  }
},
{
  "model": "exam.task",
  "pk": 18,
  "fields": {
    "type": 3,
    "description": "Камень массой  падает под углом 60° к горизонту со скоростью 10 м/⁠с в тележку с песком, покоящуюся на горизонтальных рельсах (см. рис.). Чему равен импульс тележки с песком и камнем после падения камня? (Ответ дайте в килограммах на метр в секунду.)",
    "image": "tasks/3351.png",
    "correct_answer": "20",
    "category": 3
  }
},
{
  "model": "exam.task",
  "pk": 19,
  "fields": {
    "type": 4,
    "description": "Диапазон звуков скрипки занимает частотный интервал от v1=200гц  до v2=2000гц Каково отношение граничных длин звуковых волн  этого интервала?",
    "image": "",
    "correct_answer": "10",
    "category": 4
  }
},
{
  "model": "exam.task",
  "pk": 20,
  "fields": {
    "type": 4,
    "description": "На расстоянии 400 м от наблюдателя рабочие вбивают сваи с помощью копра. Каково время между видимым ударом молота о сваю и звуком удара, услышанным наблюдателем? (Ответ дайте в секундах.) Скорость звука в воздухе 330 м/с  Округлите ответ с точностью до десятых.",
    "image": "",
    "correct_answer": "1.2",
    "category": 4
  }
},
{
  "model": "exam.task",
  "pk": 21,
  "fields": {
    "type": 4,
    "description": "Гидроакустик, находящийся на корабле, переговаривается по рации с матросом, находящимся на лодке. Во время разговора матрос наносит удар гаечным ключом по корпусу своей лодки. Звук от этого удара гидроакустик сначала слышит через рацию, а через 10 секунд  — через свою гидроакустическую аппаратуру. Считая, что второй звук распространяется в воде со скоростью 1500 м/⁠с, найдите расстояние между кораблем и лодкой. Ответ приведите в километрах.",
    "image": "",
    "correct_answer": "15",
    "category": 4
  }
},
{
  "model": "exam.task",
  "pk": 22,
  "fields": {
    "type": 4,
    "description": "Колеблющаяся струна издает звук с длиной волны 0,17 м. Какова частота ее колебаний, если скорость звука в воздухе 340 м/⁠с? Ответ дайте в Герцах.",
    "image": "",
    "correct_answer": "2000",
    "category": 4
  }
},
{
  "model": "exam.task",
  "pk": 23,
  "fields": {
    "type": 4,
    "description": "Звук грома был услышан на некотором расстоянии спустя 20 с. после вспышки молнии. На каком расстоянии стоит наблюдатель, если скорость звука в воздухе равна 340 м/⁠с? Ответ запишите в километрах.",
    "image": "",
    "correct_answer": "6.8",
    "category": 4
  }
},
{
  "model": "exam.task",
  "pk": 24,
  "fields": {
    "type": 5,
    "description": "Шарик катится по желобу. Изменение координаты шарика с течением времени в инерциальной системе отсчета показано на графике. Выберите все верные утверждения, которые соответствуют результатам опыта.\r\n1.  Проекция скорости шарика постоянно увеличивалась и оставалась положительной на всем пути.\r\n2.  Первые 2 с скорость шарика возрастала, а затем оставалась постоянной.\r\n3.  Первые 2 с шарик двигался с уменьшающейся скоростью, а затем покоился.\r\n4.  На шарик действовала все увеличивающаяся сила.\r\n5.  Первые 2 с проекция ускорения шарика не изменялась, а затем стала равной нулю.",
    "image": "tasks/65899.png",
    "correct_answer": "35",
    "category": 5
  }
},
{
  "model": "exam.task",
  "pk": 25,
  "fields": {
    "type": 5,
    "description": "На гладкой горизонтальной поверхности покоится точечное тело массой 2 кг в точке с координатой x  =  0 . В момент времени t  =  0 с на это тело одновременно начинают действовать две горизонтальные силы F1 и F2, направленные в положительном направлении оси OX, модули которых зависят от времени t так, как показано на рисунке.\r\n\r\nВыберите все правильные утверждения и запишите в таблицу цифры, под которыми указаны эти утверждения.\r\n1.  В момент времени t  =  2 с равнодействующая сил, действующих на тело, больше, чем в начальный момент времени.\r\n2.  Тело движется равноускоренно.\r\n3.  В момент времени t  =  2 с ускорение тела равно 2 м/⁠с2.\r\n4.  В момент времени t  =  2 с скорость тела равна 4 м/⁠с.\r\n5.  В момент времени t  =  2 с импульс тела равен нулю.",
    "image": "tasks/8072.png",
    "correct_answer": "234",
    "category": 5
  }
},
{
  "model": "exam.task",
  "pk": 26,
  "fields": {
    "type": 6,
    "description": "Установите соответствие между физическими величинами и их определениями. К каждой позиции первого столбца подберите нужную позицию второго и запишите в таблицу выбранные цифры под соответствующими буквами.\r\n\r\nФИЗИЧЕСКИЕ ВЕЛИЧИНЫ\r\nА)  Центростремительная сила\r\nБ)  Сила нормального давления\r\n\r\nИХ ОПРЕДЕЛЕНИЯ\r\n1.  Внешняя сила, направленная к центру системы\r\n2.  Сумма всех сил, действующих на тело при его равномерном движении по окружности\r\n3.  Сила атмосферного давления при нормальных условиях\r\n4.  Сила упругости, действующая на тело по нормали к его поверхности",
    "image": "",
    "correct_answer": "24",
    "category": 5
  }
},
{
  "model": "exam.task",
  "pk": 27,
  "fields": {
    "type": 6,
    "description": "Человек сидит на стуле. Установите соответствие между силами, перечисленными в первом столбце, и их характеристиками, перечисленными во втором столбце. Запишите в таблицу выбранные цифры под соответствующими буквами.\r\n\r\nФИЗИЧЕСКИЕ ВЕЛИЧИНЫ\r\nА)  Сила тяжести человека\r\nБ)  Сила веса человека на стул\r\n\r\nИХ ХАРАКТЕРИСТИКИ\r\n1.  Приложена к человеку и направлена вертикально вниз\r\n2.  Приложена к человеку и направлена вертикально вверх\r\n3.  Приложена к стулу и направлена вертикально вниз\r\n4.  Приложена к стулу и направлена вертикально вверх",
    "image": "",
    "correct_answer": "13",
    "category": 5
  }
},
{
  "model": "exam.task",
  "pk": 28,
  "fields": {
    "type": 6,
    "description": "Легкая рейка может вращаться вокруг неподвижной горизонтальной оси, проходящей через точку О. Рейка уравновешена при помощи двух грузов, которые прикреплены к рейке легкими нитями, перекинутыми через идеальные блоки так, как показано на рисунке. Груз 1 имеет массу 4 кг.\r\nУстановите соответствие между физическими величинами и их значениями в единицах СИ. К каждой позиции первого столбца подберите соответствующую позицию из второго столбца и запишите в таблицу выбранные цифры под соответствующими буквами.\r\n\r\nФИЗИЧЕСКАЯ ВЕЛИЧИНА\r\nА)  масса груза 2\r\nБ)  момент силы натяжения нити, прикрепленной в точке B, относительно оси, проходящей через точку О\r\nЕЕ ЗНАЧЕНИЕ (В СИ)\r\n1)  0,5\r\n2)  4\r\n3)  32\r\n4)  160",
    "image": "tasks/8938.png",
    "correct_answer": "12",
    "category": 5
  }
},
{
  "model": "exam.task",
  "pk": 29,
  "fields": {
    "type": 19,
    "description": "В мерный стакан налита вода. Укажите объем воды с учетом погрешности измерения, учитывая что погрешность составляет половину цены деления мерного стакана. В ответе запишите значение и погрешность (в мл) слитно без пробела.",
    "image": "tasks/8042.png",
    "correct_answer": "705",
    "category": 5
  }
},
{
  "model": "exam.task",
  "pk": 30,
  "fields": {
    "type": 19,
    "description": "Пакет, в котором находится 200 шайб, положили на весы. Весы показали 60 г. Чему равна масса одной шайбы по результатам этих измерений, если погрешность весов равна ±10 г? Массу самого пакета не учитывать. В ответе массу шайбы (в граммах) и погрешность запишите слитно, без пробелов.",
    "image": "",
    "correct_answer": "0,300,05",
    "category": 5
  }
},
{
  "model": "exam.task",
  "pk": 31,
  "fields": {
    "type": 20,
    "description": "Необходимо при помощи маятника экспериментально определить ускорение свободного падения. Для этого школьник взял штатив с муфтой и лапкой, нить и секундомер.\r\nКакие два предмета из приведенного ниже перечня оборудования необходимо дополнительно использовать для проведения этого эксперимента?\r\n\r\n1.  Электронные весы.\r\n2.  Алюминиевый шарик.\r\n3.  Динамометр.\r\n4.  Линейка.\r\n5.  Мензурка.\r\n\r\nВ ответ запишите номера выбранного оборудования.",
    "image": "",
    "correct_answer": "24",
    "category": 5
  }
},
{
  "model": "exam.task",
  "pk": 32,
  "fields": {
    "type": 20,
    "description": "Необходимо собрать экспериментальную установку, с помощью которой можно определить оптическую силу тонкой собирающей линзы. Для этого школьник взял изучаемую линзу в держателе, настольную лампу и экран с маленьким отверстием. Эксперимент проводится на ровном столе. Какие два предмета из приведенного ниже перечня оборудования необходимо дополнительно использовать для проведения этого измерения?\r\n\r\n1.  Динамометр.\r\n2.  Линейка.\r\n3.  Секундомер.\r\n4.  Экран без отверстия.\r\n5.  Груз с нитью.",
    "image": "",
    "correct_answer": "24",
    "category": 5
  }
},
{
  "model": "exam.task",
  "pk": 33,
  "fields": {
    "type": 22,
    "description": "С балкона высотой 20 м упал на землю мяч массой 0,2 кг. Из-⁠за сопротивления воздуха скорость мяча у земли оказалась на 20% меньше скорости тела, свободно падающего с высоты 20 м. Чему равен импульс мяча в момент удара о землю? Ответ укажите в кг · м/⁠с с точностью до одного знака после запятой.",
    "image": "",
    "correct_answer": "3.2",
    "category": 5
  }
},
{
  "model": "exam.task",
  "pk": 34,
  "fields": {
    "type": 26,
    "description": "Груз массой  подвесили на невесомой пружине, и он мог совершать вертикальные гармонические колебания с некоторой частотой. Затем параллельно первой пружине присоединили вторую такую же и подвесили к ним другой груз. Частота колебаний новой системы оказалась вдвое меньше, чем прежней. Чему равна масса М второго груза?\r\n\r\nКакие законы Вы используете для описания колебательного движения маятника? Обоснуйте их применение.",
    "image": "",
    "correct_answer": "8кг",
    "category": 5
  }
},
{
  "model": "exam.task",
  "pk": 35,
  "fields": {
    "type": 7,
    "description": "В закрытом сосуде с жесткими стенками содержится идеальный газ при температуре 27 °C. Температуру газа повысили до 147 °C. Во сколько раз изменилось давление этого газа? Ответ округлите до десятых долей.",
    "image": "",
    "correct_answer": "1.4",
    "category": 6
  }
},
{
  "model": "exam.task",
  "pk": 36,
  "fields": {
    "type": 7,
    "description": "В закрытом баллоне находится воздух при температуре 300 К и давлении 100 кПа. Баллон нагрели до 450 К. Определите давление воздуха в баллоне в результате нагревания. Запишите ответ в кПа.",
    "image": "",
    "correct_answer": "150",
    "category": 6
  }
},
{
  "model": "exam.task",
  "pk": 37,
  "fields": {
    "type": 7,
    "description": "На рисунке изображено изменение состояния постоянной массы разреженного аргона (p  — давление газа, V  — его объем). Температура газа в состоянии 1 равна +27 °C. Какая температура соответствует состоянию 2? Ответ выразите в кельвинах.",
    "image": "tasks/36753.png",
    "correct_answer": "900",
    "category": 6
  }
},
{
  "model": "exam.task",
  "pk": 38,
  "fields": {
    "type": 7,
    "description": "При неизменной концентрации молекул идеального газа средняя квадратичная скорость теплового движения его молекул уменьшилась в 2 раза. Чему равно отношение конечного давления к начальному?",
    "image": "",
    "correct_answer": "0.25",
    "category": 6
  }
},
{
  "model": "exam.task",
  "pk": 39,
  "fields": {
    "type": 7,
    "description": "Давление идеального газа при постоянной концентрации увеличилось в 2 раза. Во сколько раз изменилась его абсолютная температура?",
    "image": "",
    "correct_answer": "2",
    "category": 6
  }
},
{
  "model": "exam.task",
  "pk": 40,
  "fields": {
    "type": 8,
    "description": "Тепловая машина с КПД  за цикл работы отдает холодильнику 100 Дж. Какое количество теплоты за цикл машина получает от нагревателя? (Ответ дайте в джоулях.)",
    "image": "",
    "correct_answer": "250",
    "category": 7
  }
},
{
  "model": "exam.task",
  "pk": 41,
  "fields": {
    "type": 8,
    "description": "Идеальная тепловая машина с КПД  за цикл работы получает от нагревателя 100 Дж. Какую полезную работу машина совершает за цикл? (Ответ дайте в джоулях.)",
    "image": "",
    "correct_answer": "40",
    "category": 7
  }
},
{
  "model": "exam.task",
  "pk": 42,
  "fields": {
    "type": 8,
    "description": "Температура холодильника тепловой машины 400 К, температура нагревателя на 100 К больше, чем у холодильника. Каков максимально возможный КПД машины? (Ответ дайте в процентах.)",
    "image": "",
    "correct_answer": "20",
    "category": 7
  }
},
{
  "model": "exam.task",
  "pk": 43,
  "fields": {
    "type": 8,
    "description": "Порция идеального одноатомного газа обладала внутренней энергией 300 Дж. В некотором процессе давление этой порции газа увеличилось в 6 раз, а объем уменьшился в 1,5 раза. Чему стала равна внутренняя энергия газа в конце данного процесса? Ответ дайте в джоулях.",
    "image": "",
    "correct_answer": "1200",
    "category": 7
  }
},
{
  "model": "exam.task",
  "pk": 44,
  "fields": {
    "type": 8,
    "description": "На рисунке показан график зависимости давления одноатомного идеального газа от его объема при постоянной массе газа. Во сколько раз уменьшилась внутренняя энергия газа при переходе из состояния 1 в состояние 2.",
    "image": "tasks/32584.png",
    "correct_answer": "4.5",
    "category": 7
  }
},
{
  "model": "exam.task",
  "pk": 45,
  "fields": {
    "type": 9,
    "description": "На рисунке приведена зависимость давления p идеального газа, количество вещества которого равно ν  =  1 моль, от его объема V в процессе 1–2–3–4–5–6–7–8.\r\n\r\nНа основании анализа графика выберите все верные утверждения.\r\n\r\n \r\n1.  Работа газа в процессе 2–3 в 2 раза больше, чем работа газа в процессе 6–7.\r\n\r\n2.  В процессе 2–3 газ совершил в 4 раза большую работу, чем в процессе 6–7.\r\n\r\n3.  Температура газа в состоянии 3 меньше температуры газа в состоянии 7.\r\n\r\n4.  Температура газа в состоянии 2 равна температуре газа в состоянии 4.\r\n\r\n5.  Количество теплоты, отданное газом в процессе 3–4, в 4 раза больше количества теплоты, которое газ отдал в процессе 7–8.",
    "image": "tasks/8861.png",
    "correct_answer": "245",
    "category": 8
  }
},
{
  "model": "exam.task",
  "pk": 46,
  "fields": {
    "type": 9,
    "description": "На рисунке приведен экспериментально полученный график зависимости температуры от времени при нагревании некоторого вещества. Первоначально вещество находилось в жидком состоянии.\r\n\r\nВыберите все утверждения, соответствующие результатам опыта и запишите в таблицу цифры, под которыми они указаны.\r\n\r\n\r\n1.  Температура кипения равна 80 °C.\r\n\r\n2.  Теплоемкости в жидком и газообразном состоянии одинаковы.\r\n\r\n3.  Наибольшей внутренней энергией вещество обладает в точке С.\r\n\r\n4.  Наименьшей внутренней энергией вещество обладает в точке A.\r\n\r\n5.  В точке D вещество находится в жидком состоянии.",
    "image": "tasks/8103.png",
    "correct_answer": "14",
    "category": 8
  }
},
{
  "model": "exam.task",
  "pk": 47,
  "fields": {
    "type": 9,
    "description": "Относительная влажность воздуха в закрытом сосуде с поршнем равна 40%. Объем сосуда за счет движения поршня медленно уменьшают при постоянной температуре. В конечном состоянии объем сосуда в 3 раза меньше начального. Выберите из предложенного перечня все утверждения, которые соответствуют результатам проведенных экспериментальных наблюдений, и укажите их номера.\r\n\r\n \r\n\r\n1.  При уменьшении объема сосуда в 2,5 раза на стенках появляется роса.\r\n\r\n2.  Давление пара в сосуде все время увеличивается.\r\n\r\n3.  В конечном и начальном состоянии масса пара в сосуде одинакова.\r\n\r\n4.  При уменьшении объема в 2 раза относительная влажность воздуха в сосуде стала равна 80%.\r\n\r\n5.  В конечном состоянии весь пар в сосуде сконденсировался.",
    "image": "",
    "correct_answer": "14",
    "category": 8
  }
},
{
  "model": "exam.task",
  "pk": 48,
  "fields": {
    "type": 9,
    "description": "Во вторник и в среду температура воздуха была одинаковой. Парциальное давление водяного пара в атмосфере во вторник было меньше, чем в среду.\r\n\r\nИз приведенного ниже списка выберите все правильные утверждения по поводу этой ситуации.\r\n\r\n \r\n\r\n1.  Относительная влажность воздуха во вторник была меньше, чем в среду.\r\n\r\n2.  Масса водяных паров, содержащихся в 1 м3 воздуха, во вторник была больше, чем в среду.\r\n\r\n3.  Плотность водяных паров, содержащихся в воздухе, во вторник и в среду была одинаковой.\r\n\r\n4.  Давление насыщенных водяных паров во вторник было больше, чем в среду.\r\n\r\n5.  Концентрация молекул водяного пара в воздухе во вторник была меньше, чем в среду.",
    "image": "",
    "correct_answer": "15",
    "category": 8
  }
},
{
  "model": "exam.task",
  "pk": 49,
  "fields": {
    "type": 10,
    "description": "В сосуде под поршнем находится идеальный газ. Если при нагревании газа его давление остается постоянным, то как изменятся величины: объем газа, его плотность и внутренняя энергия?\r\n\r\n \r\n\r\nДля каждой величины определите соответствующий характер изменения.\r\n\r\n \r\n\r\n1.  Увеличилась.\r\n\r\n2.  Уменьшилась.\r\n\r\n3.  Не изменилась.\r\n\r\n \r\n\r\nЗапишите в таблицу выбранные цифры для каждой физической величины. Цифры в ответе могут повторяться.",
    "image": "",
    "correct_answer": "121",
    "category": 8
  }
},
{
  "model": "exam.task",
  "pk": 50,
  "fields": {
    "type": 10,
    "description": "По мере повышения температуры воды от  до  вода находилась сначала в твердом состоянии, затем происходил процесс плавления, и нагревание жидкой воды. Изменялась ли внутренняя энергия воды во время этих трех процессов и если изменялась, то как? Установите соответствие между физическими процессами, перечисленными в первом столбце, и изменениями внутренней энергии воды, перечисленными во втором столбце.\r\n\r\n \r\n\r\nФИЗИЧЕСКИЕ ПРОЦЕССЫ\r\nА)  Нагревание льда\r\n\r\nБ)  Плавление льда\r\n\r\nВ)  Нагревание жидкой воды\r\n\r\nИХ ИЗМЕНЕНИЯ\r\n1.  Остается неизменной\r\n\r\n2.  Увеличивается\r\n\r\n3.  Уменьшается",
    "image": "",
    "correct_answer": "222",
    "category": 8
  }
},
{
  "model": "exam.task",
  "pk": 51,
  "fields": {
    "type": 10,
    "description": "Идеальный одноатомный газ, находящийся в герметично закрытом сосуде с жесткими стенками, нагревают. Как изменяются в этом процессе следующие физические величины: концентрация молекул, внутренняя энергия газа, теплоемкость газа?\r\n\r\n \r\n\r\nДля каждой величины определите соответствующий характер изменения.\r\n\r\n \r\n\r\n1.  Увеличивается.\r\n\r\n2.  Уменьшается.\r\n\r\n3.  Не изменяется.\r\n\r\n \r\n\r\nЗапишите в таблицу выбранные цифры для каждой физической величины. Цифры в ответе могут повторяться.",
    "image": "",
    "correct_answer": "313",
    "category": 8
  }
},
{
  "model": "exam.task",
  "pk": 52,
  "fields": {
    "type": 11,
    "description": "Сила тока в проводнике постоянна и равна 0,5 А. За сколько секунд заряд 60 Кл пройдет по проводнику?",
    "image": "",
    "correct_answer": "120",
    "category": 9
  }
},
{
  "model": "exam.task",
  "pk": 53,
  "fields": {
    "type": 11,
    "description": "По проводнику течет постоянный электрический ток. Величина заряда, проходящего через проводник, возрастает с течением времени согласно графику. Какова сила тока в проводнике? (Ответ дайте в амперах.)",
    "image": "tasks/6198.png",
    "correct_answer": "1.5",
    "category": 1
  }
},
{
  "model": "exam.task",
  "pk": 54,
  "fields": {
    "type": 11,
    "description": "Через поперечное сечение проводников за 8 с прошло 10^20 электронов. Какова сила тока в проводнике?",
    "image": "",
    "correct_answer": "2",
    "category": 9
  }
},
{
  "model": "exam.task",
  "pk": 55,
  "fields": {
    "type": 11,
    "description": "Сила тока, текущего по проводнику равна 6 А. Какой заряд пройдет по проводнику за 24 с. Ответ запишите в кулонах.",
    "image": "",
    "correct_answer": "144",
    "category": 9
  }
},
{
  "model": "exam.task",
  "pk": 56,
  "fields": {
    "type": 12,
    "description": "По проволочной рамке течет постоянный электрический ток силой 2 А, который создает вокруг рамки магнитное поле. Поток вектора магнитной индукции этого поля через контур, ограниченный данной рамкой, равен 0,006 Вб. Чему равна индуктивность этой рамки? Ответ дайте в миллигенри.",
    "image": "",
    "correct_answer": "3",
    "category": 10
  }
},
{
  "model": "exam.task",
  "pk": 57,
  "fields": {
    "type": 12,
    "description": "Определите энергию магнитного поля катушки индуктивностью 0,4 Гн при силе тока 5 А.\r\n\r\nОтвет дайте в Дж.",
    "image": "",
    "correct_answer": "5",
    "category": 10
  }
},
{
  "model": "exam.task",
  "pk": 58,
  "fields": {
    "type": 12,
    "description": "Энергия магнитного поля катушки с током равна 0,64 Дж. Индуктивность катушки равна 20 мГн. Чему равна сила тока в катушке? Ответ запишите в амперах.",
    "image": "",
    "correct_answer": "8",
    "category": 10
  }
},
{
  "model": "exam.task",
  "pk": 59,
  "fields": {
    "type": 12,
    "description": "Прямолинейный проводник длиной 0,1 м, по которому течет ток силой 5 А, расположен в однородном магнитном поле под углом 90° к линиям его магнитной индукции. Каков модуль индукции данного магнитного поля, если сила, действующая на этот проводник со стороны магнитного поля, равна по модулю 0,2 Н?\r\n\r\nОтвет дайте в теслах.",
    "image": "",
    "correct_answer": "0.4",
    "category": 10
  }
},
{
  "model": "exam.task",
  "pk": 60,
  "fields": {
    "type": 12,
    "description": "Протон движется по окружности в однородном магнитном поле. Во сколько раз увеличится модуль ускорения протона, если его кинетическую энергию уменьшить в 4 раза, а модуль индукции магнитного поля увеличить в 4 раза?",
    "image": "",
    "correct_answer": "2",
    "category": 10
  }
},
{
  "model": "exam.task",
  "pk": 61,
  "fields": {
    "type": 13,
    "description": "Предмет находится на расстоянии 50 см от плоского зеркала. Каково будет расстояние между ним и его изображением, если предмет приблизить к зеркалу на 15 см? (Ответ дать в сантиметрах.)",
    "image": "",
    "correct_answer": "70",
    "category": 11
  }
},
{
  "model": "exam.task",
  "pk": 62,
  "fields": {
    "type": 13,
    "description": "Точечный источник света находится на расстоянии 1,2 м от плоского зеркала. На сколько уменьшится расстояние между источником и его изображением, если, не поворачивая зеркала, пододвинуть его ближе к источнику на 0,3 м? (Ответ дать в метрах.)",
    "image": "",
    "correct_answer": "0.6",
    "category": 11
  }
},
{
  "model": "exam.task",
  "pk": 63,
  "fields": {
    "type": 13,
    "description": "Непрозрачный круг освещается точечным источником света, находящимся на расстоянии 1 м от центра круга. На экране, параллельном плоскости круга, образуется круглая тень, радиус которой в 2 раза больше радиуса круга. Определите расстояние от круга до экрана.\r\n\r\nОтвет дайте в м.",
    "image": "",
    "correct_answer": "1",
    "category": 11
  }
},
{
  "model": "exam.task",
  "pk": 64,
  "fields": {
    "type": 13,
    "description": "Солнце находится над горизонтом на высоте  Определите длину тени, которую отбрасывает вертикально стоящий шест высотой 1 м. (Ответ дать в метрах.)",
    "image": "",
    "correct_answer": "1",
    "category": 11
  }
},
{
  "model": "exam.task",
  "pk": 65,
  "fields": {
    "type": 13,
    "description": "При переходе луча света из одной среды в другую угол падения равен  а угол преломления  Каков относительный показатель преломления первой среды относительно второй? (Ответ округлите до сотых.)",
    "image": "",
    "correct_answer": "1.73",
    "category": 11
  }
},
{
  "model": "exam.task",
  "pk": 66,
  "fields": {
    "type": 14,
    "description": "Плоский воздушный конденсатор емкостью С0, подключенный к источнику постоянного напряжения, состоит из двух металлических пластин, находящихся на расстоянии d0 друг от друга. Расстояние между пластинами меняется со временем так, как показано на графике.\r\n\r\n \r\n\r\nВыберите все верные утверждения, соответствующих описанию опыта.\r\n\r\n \r\n\r\n1.  В момент времени t4 емкость конденсатора увеличилась в 5 раз по сравнению с первоначальной (при t  =  0).\r\n\r\n2.  В интервале времени от t1 до t4 заряд конденсатора возрастает.\r\n\r\n3.  В интервале времени от t1 до t4 энергия конденсатора равномерно уменьшается.\r\n\r\n4.  В промежутке времени от t1 до t4 напряженность электрического поля между пластинами конденсатора остается постоянной.\r\n\r\n5.  В промежутке времени от t1 до t4 напряженность электрического поля между пластинами конденсатора убывает.",
    "image": "tasks/11939.png",
    "correct_answer": "12",
    "category": 12
  }
},
{
  "model": "exam.task",
  "pk": 67,
  "fields": {
    "type": 14,
    "description": "Две параллельные металлические пластины больших размеров расположены на расстоянии d друг от друга и подключены к источнику постоянного напряжения (см. рис.).\r\n\r\n \r\n\r\nИз приведенного ниже списка выберите все правильные утверждения.\r\n\r\n \r\n\r\n1.  Напряженность электрического поля в точке А меньше, чем в точке С.\r\n\r\n2.  Потенциал электрического поля в точке В ниже, чем в точке С.\r\n\r\n3.  Если уменьшить расстояние между пластинами d, то заряд левой пластины увеличится.\r\n\r\n4.  Если пластины полностью погрузить в керосин, то энергия электрического поля пластин увеличится.\r\n\r\n5.  Если увеличить расстояние между пластинами d, то напряженность электрического поля в точке В увеличится.",
    "image": "tasks/25032.png",
    "correct_answer": "34",
    "category": 12
  }
},
{
  "model": "exam.task",
  "pk": 68,
  "fields": {
    "type": 14,
    "description": "Дифракционная решетка, имеющая 1000 штрихов на 1 мм своей длины, освещается параллельным пучком монохроматического света с длиной волны 420 нм. Свет падает перпендикулярно решетке. Вплотную к дифракционной решетке, сразу за ней, расположена тонкая собирающая линза. За решеткой на расстоянии, равном фокусному расстоянию линзы, параллельно решетке расположен экран, на котором наблюдается дифракционная картина.\r\n\r\n \r\n\r\nВыберите все верные утверждения.\r\n\r\n \r\n\r\n1.  Максимальный порядок наблюдаемых дифракционных максимумов равен 2.\r\n\r\n2.  Если увеличить длину волны падающего света, то максимальный порядок наблюдаемых дифракционных максимумов увеличится.\r\n\r\n3.  Если уменьшить длину волны падающего света, то расстояние на экране между нулевым и первым дифракционными максимумами уменьшится.\r\n\r\n4.  Если заменить линзу на другую, с бóльшим фокусным расстоянием, и расположить экран так, чтобы расстояние от линзы до экрана по-⁠прежнему было равно фокусному расстоянию линзы, то расстояние на экране между нулевым и первым дифракционными максимумами уменьшится.\r\n\r\n5.  Если заменить дифракционную решетку на другую, с бóльшим периодом, то угол, под которым наблюдается первый дифракционный максимум, увеличится.",
    "image": "",
    "correct_answer": "13",
    "category": 12
  }
},
{
  "model": "exam.task",
  "pk": 69,
  "fields": {
    "type": 15,
    "description": "Установите взаимосвязь между физическим явлением и фамилией физика, в честь которого назван закон, описывающий это явление.\r\n\r\nФИЗИЧЕСКОЕ ЯВЛЕНИЕ\r\nА)  Электромагнитная индукция\r\nБ)  Взаимосвязь между силой и деформацией\r\n\r\nУЧЕНЫЙ\r\n1.  Лоренц\r\n2.  Фарадей\r\n3.  Ньютон\r\n4.  Гук\r\n\r\n\r\nК каждой позиции первого столбца подберите соответствующую позицию второго столбца и запишите в таблицу выбранные цифры под соответствующими буквами.",
    "image": "",
    "correct_answer": "24",
    "category": 12
  }
},
{
  "model": "exam.task",
  "pk": 70,
  "fields": {
    "type": 15,
    "description": "Установите соответствие между физическими явлениями, при которых наблюдается перенос энергии путем излучения, и наименованием излучения на шкале электромагнитных волн. К каждой позиции первого столбца подберите соответствующую позицию из второго столбца и запишите в таблицу выбранные цифры под соответствующими буквами.\r\n\r\n \r\n\r\nФИЗИЧЕСКОЕ ЯВЛЕНИЕ\r\nА)  Человеческий организм отдает теплоту в окружающую среду.\r\n\r\nБ)  При ускоренном движении электронов возникает излучение\r\n\r\nс очень высокой проникающей способностью.\r\n\r\nНАИМЕНОВАНИЕ ИЗЛУЧЕНИЯ\r\n1)  радиоизлучение\r\n\r\n2)  инфракрасное излучение\r\n\r\n3)  ультрафиолетовое излучение\r\n\r\n4)  рентгеновское излучение",
    "image": "",
    "correct_answer": "24",
    "category": 12
  }
},
{
  "model": "exam.task",
  "pk": 71,
  "fields": {
    "type": 16,
    "description": "Какая доля радиоактивных ядер распадается через интервал времени, равный половине периода полураспада? Ответ приведите в процентах и округлите до целых.",
    "image": "",
    "correct_answer": "29",
    "category": 13
  }
},
{
  "model": "exam.task",
  "pk": 72,
  "fields": {
    "type": 16,
    "description": "Период полураспада ядер радиоактивного изотопа висмута 19 мин. Через какое время распадется  ядер висмута в исследуемом образце? (Ответ дать в минутах.)",
    "image": "",
    "correct_answer": "38",
    "category": 13
  }
},
{
  "model": "exam.task",
  "pk": 73,
  "fields": {
    "type": 16,
    "description": "Дан график зависимости числа не распавшихся ядер эрбия от времени. Каков период полураспада этого изотопа эрбия? (Ответ дать в часах.)",
    "image": "tasks/2215.png",
    "correct_answer": "50",
    "category": 13
  }
},
{
  "model": "exam.task",
  "pk": 74,
  "fields": {
    "type": 16,
    "description": "Какая доля от большого количества радиоактивных атомов остается нераспавшейся через интервал времени, равный двум периодам полураспада? (Ответ дать в процентах.)",
    "image": "",
    "correct_answer": "25",
    "category": 13
  }
},
{
  "model": "exam.task",
  "pk": 75,
  "fields": {
    "type": 16,
    "description": "Сколько процентов ядер некоторого радиоактивного элемента останется через время, равное трем периодам полураспада этого элемента? Ответ дайте в процентах.",
    "image": "",
    "correct_answer": "12.5",
    "category": 13
  }
},
{
  "model": "exam.task",
  "pk": 76,
  "fields": {
    "type": 17,
    "description": "Как изменяется заряд и массовое число радиоактивного ядра в результате его B- ⁠распада?\r\n\r\n \r\n\r\nДля каждой величины определите соответствующий характер изменения.\r\n\r\n \r\n\r\n1.  Увеличилась.\r\n\r\n2.  Уменьшилась.\r\n\r\n3.  Не изменилась.\r\n\r\n \r\n\r\nЗапишите в таблицу выбранные цифры для каждой физической величины. Цифры в ответе могут повторяться.",
    "image": "",
    "correct_answer": "13",
    "category": 14
  }
},
{
  "model": "exam.task",
  "pk": 77,
  "fields": {
    "type": 17,
    "description": "В результате бомбардировки ядра X некоторого атома нейтронами в результате ядерной реакции получается ядро Y другого атома. Установите характер изменения массового числа и зарядового числа атома в результате такой реакции.\r\n\r\n \r\n\r\nДля каждой величины определите соответствующий характер изменения.\r\n\r\n \r\n\r\n1.  Увеличится.\r\n\r\n2.  Уменьшится.\r\n\r\n3.  Не изменится.\r\n\r\n \r\n\r\nЗапишите в таблицу выбранные цифры для каждой физической величины. Цифры в ответе могут повторяться.",
    "image": "tasks/Снимок_экрана_2024-05-18_195729.png",
    "correct_answer": "13",
    "category": 14
  }
},
{
  "model": "exam.task",
  "pk": 78,
  "fields": {
    "type": 17,
    "description": "При исследовании зависимости кинетической энергии фотоэлектронов от частоты падающего света фотоэлемент освещался через светофильтры. В первой серии опытов использовался синий светофильтр, а во второй  — желтый. В каждом опыте измеряли запирающее напряжение.\r\n\r\nКак изменяются длина световой волны и напряжение запирания?\r\n\r\n \r\n\r\nДля каждой физической величины определите соответствующий характер изменения.\r\n\r\n \r\n\r\n1.  Увеличилась.\r\n\r\n2.  Уменьшилась.\r\n\r\n3.  Не изменилась.\r\n\r\n \r\n\r\nЗапишите в таблицу выбранные цифры для каждой физической величины. Цифры в ответе могут повторяться.",
    "image": "tasks/123.png",
    "correct_answer": "12",
    "category": 14
  }
},
{
  "model": "exam.task",
  "pk": 79,
  "fields": {
    "type": 17,
    "description": "Положительно заряженная альфа-⁠частица, испущенная радиоактивным ядром, движется по направлению к атомному ядру, вектор скорости направлен под некоторым углом к прямой, соединяющей частицу с ядром. Как изменяются физические величины во время ее приближения к ядру?\r\n\r\n \r\n\r\nДля каждой величины определите соответствующий характер изменения.\r\n\r\n \r\n\r\n1.  Увеличилась.\r\n\r\n2.  Уменьшилась.\r\n\r\n3.  Не изменилась.\r\n\r\n \r\n\r\nЗапишите в таблицу выбранные цифры для каждой физической величины. Цифры в ответе могут повторяться.",
    "image": "tasks/111111111.png",
    "correct_answer": "21",
    "category": 14
  }
},
{
  "model": "exam.task",
  "pk": 80,
  "fields": {
    "type": 18,
    "description": "Выберите все верные утверждения о физических явлениях, величинах и закономерностях. Запишите в ответе их номера.\r\n\r\n \r\n\r\n1.  Плавание тел вследствие действия силы Архимеда возможно только в жидкостях.\r\n\r\n2.  Если тела находятся в тепловом равновесии, то их температура одинакова.\r\n\r\n3.  Сила взаимодействия двух неподвижных точечных зарядов в вакууме обратно пропорциональна квадрату расстояния между ними.\r\n\r\n4.  Дифракция рентгеновского излучения принципиально невозможна.\r\n\r\n5.  «Красная граница» фотоэффекта  — максимальная длина волны, при которой еще происходит фотоэффект.",
    "image": "",
    "correct_answer": "235",
    "category": 15
  }
},
{
  "model": "exam.task",
  "pk": 81,
  "fields": {
    "type": 18,
    "description": "Выберите все верные утверждения о физических явлениях, величинах и закономерностях. Запишите в ответе их номера.\r\n\r\n \r\n\r\n1.  Чем меньше сила трения колес автомобиля о дорогу, тем на меньшей скорости машина может вписаться в заданный поворот.\r\n\r\n2.  При понижении температуры влажного воздуха может образовываться иней, туман или выпасть роса.\r\n\r\n3.  Действие электрического тока на магнитную стрелку может наблюдаться, только если электрический ток протекает по железному проводнику.\r\n\r\n4.  При преломлении электромагнитных волн на границе двух сред скорость волны не изменяется.\r\n\r\n5.  Рентгеновские лучи обладают разной проникающей способностью через мягкие и костные ткани человека.",
    "image": "",
    "correct_answer": "125",
    "category": 15
  }
},
{
  "model": "exam.task",
  "pk": 82,
  "fields": {
    "type": 18,
    "description": "Выберите все верные утверждения о физических явлениях, величинах и закономерностях.\r\n\r\nЗапишите в ответе их номера.\r\n\r\n \r\n\r\n1.  Материальная точка движется равноускоренно под действием нескомпенсированной постоянной силы.\r\n\r\n2.  В ходе процесса плавления кристаллического тела его температура и внутренняя энергия не меняются.\r\n\r\n3.  В гальваническом элементе происходит преобразование механической энергии в электрическую.\r\n\r\n4.  Рентгеновское, гамма- и видимое излучения имеют электромагнитную природу и различаются длиной волны в вакууме.\r\n\r\n5.  Тепловые нейтроны вызывают деления ядер урана в некоторых типах ядерных реакторов атомных электростанций.",
    "image": "",
    "correct_answer": "145",
    "category": 15
  }
},
{
  "model": "exam.task",
  "pk": 83,
  "fields": {
    "type": 18,
    "description": "Выберите все верные утверждения о физических явлениях, величинах и закономерностях.\r\n\r\nЗапишите в ответ их номера.\r\n\r\n \r\n\r\n1.  Вектор скорости материальной точки всегда направлен по касательной к ее траектории.\r\n\r\n2.  В процессе кристаллизации постоянной массы вещества его внутренняя энергия увеличивается.\r\n\r\n3.  Разноименные точечные электрические заряды отталкиваются друг от друга.\r\n\r\n4.  Явления интерференции и дифракции могут наблюдаться в любом диапазоне электромагнитных волн.\r\n\r\n5.  При переходе атома из одного стационарного состояния в другое стационарное состояние атом испускает или поглощает фотон.",
    "image": "",
    "correct_answer": "145",
    "category": 15
  }
},
{
  "model": "exam.task",
  "pk": 84,
  "fields": {
    "type": 18,
    "description": "Выберите все верные утверждения о физических явлениях, величинах и закономерностях.\r\n\r\nЗапишите в ответе их номера.\r\n\r\n \r\n\r\n1.  При неравномерном движении по окружности полное ускорение тела всегда направлено по радиусу к центру окружности.\r\n\r\n2.  Процесс кристаллизации веществ проходит с выделением большого количества теплоты.\r\n\r\n3.  Изобарным называется процесс, происходящий с газом неизменной массы при неизменном давлении.\r\n\r\n4.  В процессе электризации трением два первоначально незаряженных тела приобретают разноименные, но разные по модулю заряды.\r\n\r\n5.  Силой Ампера называют силу, с которой магнитное поле действует на проводник с током.",
    "image": "",
    "correct_answer": "235",
    "category": 15
  }
},
{
  "model": "exam.task",
  "pk": 85,
  "fields": {
    "type": 18,
    "description": "Выберите все верные утверждения о физических явлениях, величинах и закономерностях.\r\n\r\nЗапишите в ответе их номера.\r\n\r\n \r\n\r\n1.  Тело движется ускоренно под действием силы трения покоя, сообщаемое этой силой ускорение противонаправлено силе трения покоя.\r\n\r\n2.  Естественная конвекция в жидкости невозможна в состоянии невесомости.\r\n\r\n3.  В растворах или расплавах электролитов электрический ток представляет собой упорядоченное движение ионов, происходящее на фоне их теплового хаотического движения.\r\n\r\n4.  Инфракрасное и рентгеновское излучения имеют электромагнитную природу и одинаковые волновые свойства, одинаково способны ионизировать воздух.\r\n\r\n5.  Спектры излучения атомов двух разных химических элементов могут полностью совпадать.",
    "image": "",
    "correct_answer": "23",
    "category": 15
  }
},
{
  "model": "exam.task",
  "pk": 86,
  "fields": {
    "type": 21,
    "description": "Известно, что вечерняя роса на траве  — это к хорошей, ясной погоде, а сухая трава  — к пасмурной. Объясните с точки зрения физических законов и закономерностей, почему это так.\r\n\r\nЮный физик в летний вечер решил отправиться на прогулку и оценить, какая масса воды содержится в 1 м3 влажного атмосферного воздуха. Какие приборы ему необходимо взять с собой для того, чтобы провести необходимые измерения? Какие справочные (табличные) значения понадобятся ему для проведения вычислений?",
    "image": "",
    "correct_answer": "в ясную погоду вечером и ночью приземный слой воздуха быстро остывает",
    "category": 6
  }
},
{
  "model": "exam.task",
  "pk": 87,
  "fields": {
    "type": 23,
    "description": "На входе в электрическую цепь квартиры стоит предохранитель, размыкающий цепь при силе тока 10 А. Подаваемое в цепь напряжение равно 110 В. Какое максимальное число электрических чайников, мощность каждого из которых 400 Вт, можно одновременно включить в квартире?",
    "image": "",
    "correct_answer": "2",
    "category": 6
  }
},
{
  "model": "exam.task",
  "pk": 88,
  "fields": {
    "type": 23,
    "description": "На входе в электрическую цепь квартиры стоит предохранитель, размыкающий цепь при силе тока 20 А. Подаваемое в цепь напряжение равно 220 В. Какое максимальное количество пылесосов, мощность каждого из которых равна 1 400 Вт, можно одновременно включить в квартире?",
    "image": "",
    "correct_answer": "3",
    "category": 6
  }
},
{
  "model": "exam.task",
  "pk": 89,
  "fields": {
    "type": 24,
    "description": "В сосуде с небольшой трещиной находится воздух. Воздух может медленно просачиваться сквозь трещину. Во время опыта объем сосуда уменьшили в 8 раз, давление воздуха в сосуде увеличилось в 2 раза, а его абсолютная температура увеличилась в 1,5 раза. Во сколько раз изменилась внутренняя энергия воздуха в сосуде? (Воздух считать идеальным газом.)",
    "image": "",
    "correct_answer": "4",
    "category": 6
  }
},
{
  "model": "exam.task",
  "pk": 90,
  "fields": {
    "type": 24,
    "description": "В сосуде с небольшой трещиной находится воздух. Воздух может медленно просачиваться сквозь трещину. Во время опыта объем сосуда уменьшили в 4 раза, давление воздуха в сосуде увеличилось тоже в 4 раза, а его абсолютная температура увеличилась в 1,5 раза. Каково изменение внутренней энергии воздуха в сосуде? (Воздух считать идеальным газом.)",
    "image": "",
    "correct_answer": "не изменилась",
    "category": 6
  }
},
{
  "model": "exam.task",
  "pk": 91,
  "fields": {
    "type": 25,
    "description": "Горизонтальный проводник длиной 1 м движется равноускоренно в вертикальном однородном магнитном поле, индукция которого равна 0,5 Тл. Скорость проводника горизонтальна и перпендикулярна проводнику (см. рис.). При начальной скорости проводника, равной нулю, проводник переместился на 1 м. ЭДС индукции на концах проводника в конце перемещения равна 2 В. Каково ускорение проводника?",
    "image": "tasks/2989.png",
    "correct_answer": "8",
    "category": 12
  }
},
{
  "model": "exam.variant",
  "pk": 6,
  "fields": {
    "variant_number": 1,
    "tasks": [
      1,
      4,
      8,
      21,
      25,
      26,
      29,
      32,
      33,
      34,
      37,
      41,
      48,
      50,
      54,
      60,
      61,
      68,
      69,
      72,
      76,
      84,
      86,
      88,
      89,
      91
    ]
  }
},
{
  "model": "exam.variant",
  "pk": 7,
  "fields": {
    "variant_number": 2,
    "tasks": [
      2,
      5,
      8,
      21,
      25,
      26,
      30,
      31,
      33,
      34,
      39,
      41,
      47,
      49,
      53,
      57,
      61,
      66,
      70,
      71,
      77,
      82,
      86,
      87,
      89,
      91
    ]
  }
},
{
  "model": "exam.variant",
  "pk": 8,
  "fields": {
    "variant_number": 3,
    "tasks": [
      10,
      15,
      17,
      19,
      25,
      28,
      30,
      31,
      33,
      34,
      39,
      41,
      45,
      51,
      52,
      56,
      61,
      67,
      69,
      75,
      76,
      81,
      86,
      88,
      89,
      91
    ]
  }
},
{
  "model": "exam.variant",
  "pk": 9,
  "fields": {
    "variant_number": 4,
    "tasks": [
      10,
      14,
      17,
      20,
      24,
      27,
      29,
      32,
      33,
      34,
      37,
      40,
      47,
      49,
      54,
      57,
      64,
      66,
      70,
      73,
      79,
      81,
      86,
      88,
      89,
      91
    ]
  }
},
{
  "model": "exam.variant",
  "pk": 10,
  "fields": {
    "variant_number": 5,
    "tasks": [
      1,
      6,
      17,
      22,
      24,
      26,
      29,
      31,
      33,
      34,
      38,
      40,
      48,
      49,
      55,
      56,
      61,
      66,
      69,
      71,
      76,
      80,
      86,
      87,
      89,
      91
    ]
  }
},
{
  "model": "exam.variant",
  "pk": 11,
  "fields": {
    "variant_number": 6,
    "tasks": [
      4,
      8,
      10,
      20,
      24,
      26,
      30,
      32,
      33,
      34,
      38,
      40,
      46,
      50,
      53,
      57,
      61,
      66,
      69,
      75,
      79,
      81,
      86,
      88,
      90,
      91
    ]
  }
},
{
  "model": "exam.formulacategory",
  "pk": 1,
  "fields": {
    "title": "Механика"
  }
},
{
  "model": "exam.formulacategory",
  "pk": 2,
  "fields": {
    "title": "Молекулярная физика и термодинамика"
  }
},
{
  "model": "exam.formulacategory",
  "pk": 3,
  "fields": {
    "title": "Физика атомного ядра"
  }
},
{
  "model": "exam.formulacategory",
  "pk": 4,
  "fields": {
    "title": "Электростатика и электродинамика"
  }
},
{
  "model": "exam.formulacategory",
  "pk": 5,
  "fields": {
    "title": "Оптика"
  }
},
{
  "model": "exam.formulacategory",
  "pk": 6,
  "fields": {
    "title": "Квантовая физика"
  }
},
{
  "model": "exam.formulacategory",
  "pk": 7,
  "fields": {
    "title": "СТО"
  }
},
{
  "model": "exam.formula",
  "pk": 1,
  "fields": {
    "title": "Давление",
    "formula": "Р=F/S",
    "category": 1
  }
},
{
  "model": "exam.formula",
  "pk": 2,
  "fields": {
    "title": "Плотность",
    "formula": "ρ=m/V",
    "category": 1
  }
},
{
  "model": "exam.formula",
  "pk": 3,
  "fields": {
    "title": "Давление на глубине жидкости",
    "formula": "P=ρ∙g∙h",
    "category": 1
  }
},
{
  "model": "exam.formula",
  "pk": 4,
  "fields": {
    "title": "Сила тяжести",
    "formula": "Fт=mg",
    "category": 1
  }
},
{
  "model": "exam.formula",
  "pk": 5,
  "fields": {
    "title": "Архимедова сила",
    "formula": "Fa=ρж∙g∙Vт",
    "category": 1
  }
},
{
  "model": "exam.formula",
  "pk": 6,
  "fields": {
    "title": "Уравнение движения  при равноускоренном  движении 1",
    "formula": "X=X0+υ0∙t+(a∙t2)/2",
    "category": 1
  }
},
{
  "model": "exam.formula",
  "pk": 7,
  "fields": {
    "title": "Уравнение движения  при равноускоренном  движении 2",
    "formula": "S= (υ2-υ02) /2а",
    "category": 1
  }
},
{
  "model": "exam.formula",
  "pk": 8,
  "fields": {
    "title": "Уравнение движения  при равноускоренном  движении 3",
    "formula": "S= (υ+υ0) ∙t /2",
    "category": 1
  }
},
{
  "model": "exam.formula",
  "pk": 9,
  "fields": {
    "title": "Уравнение скорости  при равноускоренном движении",
    "formula": "υ=υ0+a∙t",
    "category": 1
  }
},
{
  "model": "exam.formula",
  "pk": 10,
  "fields": {
    "title": "Ускорение",
    "formula": "a=(υ-υ 0)/t",
    "category": 1
  }
},
{
  "model": "exam.formula",
  "pk": 11,
  "fields": {
    "title": "Скорость при движении по окружности",
    "formula": "υ=2πR/Т",
    "category": 1
  }
},
{
  "model": "exam.formula",
  "pk": 12,
  "fields": {
    "title": "Центростремительное ускорение",
    "formula": "a=υ2/R",
    "category": 1
  }
},
{
  "model": "exam.formula",
  "pk": 13,
  "fields": {
    "title": "Связь периода с частотой",
    "formula": "ν=1/T=ω/2π",
    "category": 1
  }
},
{
  "model": "exam.formula",
  "pk": 14,
  "fields": {
    "title": "II закон Ньютона",
    "formula": "F=ma",
    "category": 1
  }
},
{
  "model": "exam.formula",
  "pk": 15,
  "fields": {
    "title": "Закон Гука",
    "formula": "Fy=-kx",
    "category": 1
  }
},
{
  "model": "exam.formula",
  "pk": 16,
  "fields": {
    "title": "Закон Всемирного тяготения",
    "formula": "F=G∙M∙m/R^2",
    "category": 1
  }
},
{
  "model": "exam.formula",
  "pk": 17,
  "fields": {
    "title": "Вес тела, движущегося с ускорением а(вверх)",
    "formula": "Р=m(g+a)",
    "category": 1
  }
},
{
  "model": "exam.formula",
  "pk": 18,
  "fields": {
    "title": "Вес тела, движущегося с ускорением а(вниз)",
    "formula": "Р=m(g-a)",
    "category": 1
  }
},
{
  "model": "exam.formula",
  "pk": 19,
  "fields": {
    "title": "Сила трения",
    "formula": "Fтр=µN",
    "category": 1
  }
},
{
  "model": "exam.formula",
  "pk": 20,
  "fields": {
    "title": "Импульс тела",
    "formula": "p=mυ",
    "category": 1
  }
},
{
  "model": "exam.formula",
  "pk": 21,
  "fields": {
    "title": "Импульс силы",
    "formula": "Ft=∆p",
    "category": 1
  }
},
{
  "model": "exam.formula",
  "pk": 22,
  "fields": {
    "title": "Момент силы",
    "formula": "M=F∙ℓ",
    "category": 1
  }
},
{
  "model": "exam.formula",
  "pk": 23,
  "fields": {
    "title": "Потенциальная энергия тела, поднятого над землей",
    "formula": "Eп=mgh",
    "category": 1
  }
},
{
  "model": "exam.formula",
  "pk": 24,
  "fields": {
    "title": "Потенциальная энергия упруго деформированного тела",
    "formula": "Eп=kx^2/2",
    "category": 1
  }
},
{
  "model": "exam.formula",
  "pk": 25,
  "fields": {
    "title": "Кинетическая энергия тела",
    "formula": "Ek=mυ2/2",
    "category": 1
  }
},
{
  "model": "exam.formula",
  "pk": 26,
  "fields": {
    "title": "Работа",
    "formula": "A=F∙S∙cosα",
    "category": 1
  }
},
{
  "model": "exam.formula",
  "pk": 27,
  "fields": {
    "title": "Мощность",
    "formula": "N=A/t=F∙υ",
    "category": 1
  }
},
{
  "model": "exam.formula",
  "pk": 28,
  "fields": {
    "title": "Коэффициент полезного действия",
    "formula": "η=Aп/Аз",
    "category": 1
  }
},
{
  "model": "exam.formula",
  "pk": 29,
  "fields": {
    "title": "Период колебаний математического маятника",
    "formula": "T=2π√ℓ/g",
    "category": 1
  }
},
{
  "model": "exam.formula",
  "pk": 30,
  "fields": {
    "title": "Период колебаний пружинного маятника",
    "formula": "T=2 π √m/k",
    "category": 1
  }
},
{
  "model": "exam.formula",
  "pk": 31,
  "fields": {
    "title": "Уравнение гармонических колебаний",
    "formula": "Х=Хmax∙cos ωt",
    "category": 1
  }
},
{
  "model": "exam.formula",
  "pk": 32,
  "fields": {
    "title": "Связь длины волны, ее скорости и периода",
    "formula": "λ= υТ",
    "category": 1
  }
},
{
  "model": "exam.formula",
  "pk": 33,
  "fields": {
    "title": "Количество вещества",
    "formula": "ν=N/ Na",
    "category": 2
  }
},
{
  "model": "exam.formula",
  "pk": 34,
  "fields": {
    "title": "Молярная масса",
    "formula": "М=m/ν",
    "category": 2
  }
},
{
  "model": "exam.formula",
  "pk": 35,
  "fields": {
    "title": "Cр. кин. энергия молекул одноатомного газа",
    "formula": "Ek=3/2∙kT",
    "category": 2
  }
},
{
  "model": "exam.formula",
  "pk": 36,
  "fields": {
    "title": "Основное уравнение МКТ",
    "formula": "P=nkT=1/3nm0υ^2",
    "category": 2
  }
},
{
  "model": "exam.formula",
  "pk": 37,
  "fields": {
    "title": "Закон Гей – Люссака (изобарный процесс)",
    "formula": "V/T =const",
    "category": 2
  }
},
{
  "model": "exam.formula",
  "pk": 38,
  "fields": {
    "title": "Закон Шарля (изохорный процесс)",
    "formula": "P/T=const",
    "category": 2
  }
},
{
  "model": "exam.formula",
  "pk": 39,
  "fields": {
    "title": "Относительная влажность",
    "formula": "φ=P/P0∙100%",
    "category": 2
  }
},
{
  "model": "exam.formula",
  "pk": 40,
  "fields": {
    "title": "Внутр. энергия идеал. одноатомного газа",
    "formula": "U=3/2∙M/µ∙RT",
    "category": 2
  }
},
{
  "model": "exam.formula",
  "pk": 41,
  "fields": {
    "title": "Работа газа",
    "formula": "A=P∙ΔV",
    "category": 2
  }
},
{
  "model": "exam.formula",
  "pk": 42,
  "fields": {
    "title": "Закон Бойля – Мариотта (изотермический процесс)",
    "formula": "PV=const",
    "category": 2
  }
},
{
  "model": "exam.formula",
  "pk": 43,
  "fields": {
    "title": "Количество теплоты при нагревании",
    "formula": "Q=Cm(T2-T1)",
    "category": 2
  }
},
{
  "model": "exam.formula",
  "pk": 44,
  "fields": {
    "title": "Количество теплоты при плавлении",
    "formula": "Q=λm",
    "category": 2
  }
},
{
  "model": "exam.formula",
  "pk": 45,
  "fields": {
    "title": "Количество теплоты при парообразовании",
    "formula": "Q=Lm",
    "category": 2
  }
},
{
  "model": "exam.formula",
  "pk": 46,
  "fields": {
    "title": "Количество теплоты при сгорании топлива",
    "formula": "Q=qm",
    "category": 2
  }
},
{
  "model": "exam.formula",
  "pk": 47,
  "fields": {
    "title": "Уравнение состояния идеального газа",
    "formula": "PV=m/M∙RT",
    "category": 2
  }
},
{
  "model": "exam.formula",
  "pk": 48,
  "fields": {
    "title": "Первый закон термодинамики",
    "formula": "ΔU=A+Q",
    "category": 2
  }
},
{
  "model": "exam.formula",
  "pk": 49,
  "fields": {
    "title": "КПД тепловых двигателей",
    "formula": "η= (Q1 - Q2)/ Q1",
    "category": 2
  }
},
{
  "model": "exam.formula",
  "pk": 50,
  "fields": {
    "title": "КПД идеал. двигателей  (цикл Карно)",
    "formula": "η= (Т1 - Т2)/ Т1",
    "category": 2
  }
},
{
  "model": "exam.formula",
  "pk": 51,
  "fields": {
    "title": "Закон радиоактивного распада",
    "formula": "N=N0∙2^-t / T",
    "category": 3
  }
},
{
  "model": "exam.formula",
  "pk": 52,
  "fields": {
    "title": "Энергия связи атомных ядер",
    "formula": "ECB=(Zmp+Nmn-Mя)∙c^2",
    "category": 3
  }
},
{
  "model": "exam.formula",
  "pk": 53,
  "fields": {
    "title": "Закон Кулона",
    "formula": "F=k∙q1∙q2/R^2",
    "category": 4
  }
},
{
  "model": "exam.formula",
  "pk": 54,
  "fields": {
    "title": "Напряженность электрического поля",
    "formula": "E=F/q",
    "category": 4
  }
},
{
  "model": "exam.formula",
  "pk": 55,
  "fields": {
    "title": "Напряженность эл. поля точечного заряда",
    "formula": "E=k∙q/R^2",
    "category": 4
  }
},
{
  "model": "exam.formula",
  "pk": 56,
  "fields": {
    "title": "Поверхностная плотность зарядов",
    "formula": "σ = q/S",
    "category": 4
  }
},
{
  "model": "exam.formula",
  "pk": 57,
  "fields": {
    "title": "Напряженность эл. поля бесконечной плоскости",
    "formula": "E=2πkσ",
    "category": 4
  }
},
{
  "model": "exam.formula",
  "pk": 58,
  "fields": {
    "title": "Диэлектрическая проницаемость",
    "formula": "ε=E0/E",
    "category": 4
  }
},
{
  "model": "exam.formula",
  "pk": 59,
  "fields": {
    "title": "Потенциальная энергия взаимод. зарядов",
    "formula": "W= k∙q1q2/R",
    "category": 4
  }
},
{
  "model": "exam.formula",
  "pk": 60,
  "fields": {
    "title": "Потенциал",
    "formula": "φ=W/q",
    "category": 4
  }
},
{
  "model": "exam.formula",
  "pk": 61,
  "fields": {
    "title": "Потенциал точечного заряда",
    "formula": "φ=k∙q/R",
    "category": 4
  }
},
{
  "model": "exam.formula",
  "pk": 62,
  "fields": {
    "title": "Напряжение",
    "formula": "U=A/q",
    "category": 4
  }
},
{
  "model": "exam.formula",
  "pk": 63,
  "fields": {
    "title": "Для однородного электрического поля",
    "formula": "U=E∙d",
    "category": 4
  }
},
{
  "model": "exam.formula",
  "pk": 64,
  "fields": {
    "title": "Электроемкость",
    "formula": "C=q/U",
    "category": 4
  }
},
{
  "model": "exam.formula",
  "pk": 65,
  "fields": {
    "title": "Электроемкость плоского конденсатора",
    "formula": "C=S∙ε∙ε0/d",
    "category": 4
  }
},
{
  "model": "exam.formula",
  "pk": 66,
  "fields": {
    "title": "Энергия заряженного конденсатора",
    "formula": "W=qU/2=q²/2С=CU²/2",
    "category": 4
  }
},
{
  "model": "exam.formula",
  "pk": 67,
  "fields": {
    "title": "Сила тока",
    "formula": "I=q/t",
    "category": 4
  }
},
{
  "model": "exam.formula",
  "pk": 68,
  "fields": {
    "title": "Сопротивление проводника",
    "formula": "R=ρ∙ℓ/S",
    "category": 4
  }
},
{
  "model": "exam.formula",
  "pk": 69,
  "fields": {
    "title": "Закон Ома для участка цепи",
    "formula": "I=U/R",
    "category": 4
  }
},
{
  "model": "exam.formula",
  "pk": 70,
  "fields": {
    "title": "Законы послед. соединения",
    "formula": "I1=I2=I, U1+U2=U, R1+R2=R",
    "category": 4
  }
},
{
  "model": "exam.formula",
  "pk": 71,
  "fields": {
    "title": "Законы паралл. соед.",
    "formula": "U1=U2=U, I1+I2=I, 1/R1+1/R2=1/R",
    "category": 4
  }
},
{
  "model": "exam.formula",
  "pk": 72,
  "fields": {
    "title": "Мощность электрического тока",
    "formula": "P=I∙U",
    "category": 4
  }
},
{
  "model": "exam.formula",
  "pk": 73,
  "fields": {
    "title": "Закон Джоуля-Ленца",
    "formula": "Q=I2Rt",
    "category": 4
  }
},
{
  "model": "exam.formula",
  "pk": 74,
  "fields": {
    "title": "Закон Ома для полной цепи",
    "formula": "I=ε/(R+r)",
    "category": 4
  }
},
{
  "model": "exam.formula",
  "pk": 75,
  "fields": {
    "title": "Ток короткого замыкания (R=0)",
    "formula": "I=ε/r",
    "category": 4
  }
},
{
  "model": "exam.formula",
  "pk": 76,
  "fields": {
    "title": "Вектор магнитной индукции",
    "formula": "B=Fmax/ℓ∙I",
    "category": 4
  }
},
{
  "model": "exam.formula",
  "pk": 77,
  "fields": {
    "title": "Сила Ампера",
    "formula": "Fa=IBℓsin α",
    "category": 4
  }
},
{
  "model": "exam.formula",
  "pk": 78,
  "fields": {
    "title": "Сила Лоренца",
    "formula": "Fл=Bqυsin α",
    "category": 4
  }
},
{
  "model": "exam.formula",
  "pk": 79,
  "fields": {
    "title": "Магнитный поток",
    "formula": "Ф=BSсosα; Ф=LI",
    "category": 4
  }
},
{
  "model": "exam.formula",
  "pk": 80,
  "fields": {
    "title": "Закон электромагнитной индукции",
    "formula": "Ei=ΔФ/Δt",
    "category": 4
  }
},
{
  "model": "exam.formula",
  "pk": 81,
  "fields": {
    "title": "ЭДС индукции в движ проводнике",
    "formula": "Ei=Вℓυsinα",
    "category": 4
  }
},
{
  "model": "exam.formula",
  "pk": 82,
  "fields": {
    "title": "ЭДС самоиндукции",
    "formula": "Esi=-L∙ΔI/Δt",
    "category": 4
  }
},
{
  "model": "exam.formula",
  "pk": 83,
  "fields": {
    "title": "Энергия магнитного поля катушки",
    "formula": "Wм=LI2/2",
    "category": 4
  }
},
{
  "model": "exam.formula",
  "pk": 84,
  "fields": {
    "title": "Период колебаний кол. контура",
    "formula": "T=2π ∙√LC",
    "category": 4
  }
},
{
  "model": "exam.formula",
  "pk": 85,
  "fields": {
    "title": "Индуктивное сопротивление",
    "formula": "XL=ωL=2πLν",
    "category": 4
  }
},
{
  "model": "exam.formula",
  "pk": 86,
  "fields": {
    "title": "Емкостное сопротивление",
    "formula": "Xc=1/ωC",
    "category": 4
  }
},
{
  "model": "exam.formula",
  "pk": 87,
  "fields": {
    "title": "Действующее значение силы тока",
    "formula": "Iд=Imax/√2,",
    "category": 4
  }
},
{
  "model": "exam.formula",
  "pk": 88,
  "fields": {
    "title": "Действующее значение напряжения",
    "formula": "Uд=Umax/√2",
    "category": 4
  }
},
{
  "model": "exam.formula",
  "pk": 89,
  "fields": {
    "title": "Полное сопротивление",
    "formula": "Z=√(Xc-XL)²+R²",
    "category": 4
  }
},
{
  "model": "exam.formula",
  "pk": 90,
  "fields": {
    "title": "Закон преломления света",
    "formula": "n21=n2/n1= υ 1/ υ 2",
    "category": 5
  }
},
{
  "model": "exam.formula",
  "pk": 91,
  "fields": {
    "title": "Показатель преломления",
    "formula": "n21=sin α/sin γ",
    "category": 5
  }
},
{
  "model": "exam.formula",
  "pk": 92,
  "fields": {
    "title": "Формула тонкой линзы",
    "formula": "1/F=1/d + 1/f",
    "category": 5
  }
},
{
  "model": "exam.formula",
  "pk": 93,
  "fields": {
    "title": "Оптическая сила линзы",
    "formula": "D=1/F",
    "category": 5
  }
},
{
  "model": "exam.formula",
  "pk": 94,
  "fields": {
    "title": "max интерференции",
    "formula": "Δd=kλ",
    "category": 5
  }
},
{
  "model": "exam.formula",
  "pk": 95,
  "fields": {
    "title": "min интерференции",
    "formula": "Δd=(2k+1)λ/2",
    "category": 5
  }
},
{
  "model": "exam.formula",
  "pk": 96,
  "fields": {
    "title": "Диф.решетка",
    "formula": "d∙sin φ=k λ",
    "category": 5
  }
},
{
  "model": "exam.formula",
  "pk": 97,
  "fields": {
    "title": "Формула Эйнштейна для фотоэффекта",
    "formula": "hν=Aвых+Ek, Ek=U₃е",
    "category": 6
  }
},
{
  "model": "exam.formula",
  "pk": 98,
  "fields": {
    "title": "Красная граница фотоэффекта",
    "formula": "νк = Aвых/h",
    "category": 6
  }
},
{
  "model": "exam.formula",
  "pk": 99,
  "fields": {
    "title": "Импульс фотона",
    "formula": "P=mc=h/ λ=Е/с",
    "category": 6
  }
},
{
  "model": "exam.formula",
  "pk": 100,
  "fields": {
    "title": "Формула СТО №1",
    "formula": "t=t₁/√1-υ²/c²",
    "category": 7
  }
},
{
  "model": "exam.formula",
  "pk": 101,
  "fields": {
    "title": "Формула СТО №2",
    "formula": "ℓ=ℓ₀∙√1-υ²/c²",
    "category": 7
  }
},
{
  "model": "exam.formula",
  "pk": 103,
  "fields": {
    "title": "Формула СТО №3",
    "formula": "υ2=(υ₁+υ)/1+ υ₁∙υ/c²",
    "category": 7
  }
},
{
  "model": "exam.formula",
  "pk": 104,
  "fields": {
    "title": "Формула СТО №4",
    "formula": "Е = mс²",
    "category": 7
  }
}
]
